date	open	high	low	close	volume	market_cap
Dec 16, 2020	0.000064	0.000065	0.000059	0.000065	0	30,622.25
Dec 15, 2020	0.000058	0.000064	0.000058	0.000064	4.23	30,117.98
Dec 14, 2020	0.000067	0.000067	0.000058	0.000058	1.04	27,316.46
Dec 13, 2020	0.000062	0.000067	0.000062	0.000067	7.71	31,393.06
Dec 12, 2020	0.000054	0.000062	0.000053	0.000062	16.61	29,075.63
Dec 11, 2020	0.000054	0.000055	0.000053	0.000054	0.002720	25,542.90
Dec 10, 2020	0.000066	0.000078	0.000054	0.000054	5.57	25,540.21
Dec 09, 2020	0.000066	0.000066	0.000053	0.000066	1.71	30,969.30
Dec 08, 2020	0.000065	0.000067	0.000064	0.000066	8.85	30,834.67
Dec 07, 2020	0.000062	0.000065	0.000061	0.000065	4.60	30,677.32
Dec 06, 2020	0.000062	0.000063	0.000060	0.000061	0.003744	28,898.36
Dec 05, 2020	0.000058	0.000062	0.000057	0.000062	8.80	29,151.52
Dec 04, 2020	0.000070	0.000071	0.000053	0.000058	0.014951	27,152.29
Dec 03, 2020	0.000069	0.000071	0.000068	0.000070	0	33,042.64
Dec 02, 2020	0.000068	0.000069	0.000066	0.000069	0	32,349.32
Dec 01, 2020	0.000071	0.000071	0.000062	0.000068	0.057606	31,728.00
Nov 30, 2020	0.000075	0.000077	0.000051	0.000071	17.18	33,318.27
Nov 29, 2020	0.000061	0.000075	0.000055	0.000075	74.94	35,198.36
Nov 28, 2020	0.000048	0.000061	0.000048	0.000061	10.04	28,476.52
Nov 27, 2020	0.000047	0.000051	0.000046	0.000048	6.70	22,537.99
Nov 26, 2020	0.000052	0.000052	0.000045	0.000047	0.376198	22,115.07
Nov 25, 2020	0.000053	0.000054	0.000051	0.000052	0	24,462.15
Nov 24, 2020	0.000047	0.000056	0.000046	0.000053	0.253900	24,970.66
Nov 23, 2020	0.000043	0.000047	0.000042	0.000047	3.94	21,905.77
Nov 22, 2020	0.000037	0.000056	0.000036	0.000043	5.61	20,029.83
Nov 21, 2020	0.000044	0.000056	0.000036	0.000037	72.81	17,422.05
Nov 20, 2020	0.000048	0.000058	0.000044	0.000044	116.01	20,702.34
Nov 19, 2020	0.000061	0.000064	0.000039	0.000048	4,530.69	22,717.28
Nov 18, 2020	0.000053	0.000068	0.000050	0.000061	511.88	28,489.35
Nov 17, 2020	0.000038	0.000053	0.000037	0.000053	0.015367	24,870.05
Nov 16, 2020	0.000036	0.000038	0.000036	0.000038	0	17,701.76
Nov 15, 2020	0.000037	0.000037	0.000036	0.000036	0	17,013.64
Nov 14, 2020	0.000049	0.000049	0.000036	0.000037	0	17,256.91
Nov 13, 2020	0.000047	0.000053	0.000047	0.000049	2.19	22,843.30
Nov 12, 2020	0.000046	0.000051	0.000036	0.000047	2.02	22,087.22
Nov 11, 2020	0.000043	0.000047	0.000043	0.000046	0	21,767.12
Nov 10, 2020	0.000043	0.000044	0.000043	0.000043	0.119004	20,262.79
Nov 09, 2020	0.000047	0.000048	0.000041	0.000043	17.72	20,175.96
Nov 08, 2020	0.000043	0.000047	0.000043	0.000047	176.63	22,185.61
Nov 07, 2020	0.000045	0.000046	0.000042	0.000043	0	20,117.31
Nov 06, 2020	0.000047	0.000048	0.000044	0.000045	0	21,055.77
Nov 05, 2020	0.000040	0.000048	0.000040	0.000047	1.73	22,258.27
Nov 04, 2020	0.000038	0.000040	0.000037	0.000040	0.039699	18,655.98
Nov 03, 2020	0.000038	0.000038	0.000036	0.000037	0	17,613.20
Nov 02, 2020	0.000036	0.000038	0.000035	0.000038	6.36	17,841.30
Nov 01, 2020	0.000036	0.000037	0.000035	0.000036	0.055973	16,784.28
Oct 31, 2020	0.000039	0.000042	0.000036	0.000036	22.44	16,899.57
Oct 30, 2020	0.000033	0.000042	0.000032	0.000039	44.98	18,462.82
Oct 29, 2020	0.000042	0.000045	0.000033	0.000033	4.28	15,551.19
Oct 28, 2020	0.000043	0.000044	0.000041	0.000042	0.346214	19,708.86
Oct 27, 2020	0.000044	0.000046	0.000043	0.000043	0.124651	20,061.45
Oct 26, 2020	0.000044	0.000045	0.000043	0.000044	0	20,507.24
Oct 25, 2020	0.000045	0.000045	0.000044	0.000044	0	20,814.25
Oct 24, 2020	0.000040	0.000045	0.000040	0.000045	0	21,051.00
Oct 23, 2020	0.000041	0.000045	0.000040	0.000040	0.619939	19,016.83
Oct 22, 2020	0.000040	0.000042	0.000040	0.000041	0.004097	19,254.75
Oct 21, 2020	0.000038	0.000041	0.000038	0.000040	17.24	18,862.95
Oct 20, 2020	0.000051	0.000051	0.000037	0.000038	41.81	17,726.83
Oct 19, 2020	0.000050	0.000051	0.000050	0.000051	0	23,840.74
Oct 18, 2020	0.000049	0.000050	0.000049	0.000050	0	23,548.76
Oct 17, 2020	0.000043	0.000049	0.000043	0.000049	0	23,108.34
Oct 16, 2020	0.000044	0.000044	0.000043	0.000043	32.06	20,272.22
Oct 15, 2020	0.000051	0.000051	0.000043	0.000044	0.001310	20,527.98
Oct 14, 2020	0.000052	0.000053	0.000050	0.000051	0	23,840.56
Oct 13, 2020	0.000045	0.000052	0.000043	0.000052	1.83	24,222.87
Oct 12, 2020	0.000048	0.000049	0.000042	0.000045	17.87	21,038.84
Oct 11, 2020	0.000050	0.000053	0.000048	0.000048	26.94	22,469.87
Oct 10, 2020	0.000042	0.000051	0.000042	0.000050	10.17	23,570.56
Oct 09, 2020	0.000045	0.000046	0.000042	0.000042	25.45	19,914.86
Oct 08, 2020	0.000042	0.000045	0.000042	0.000045	0	21,052.92
Oct 07, 2020	0.000042	0.000043	0.000042	0.000042	1.07	19,854.89
Oct 06, 2020	0.000040	0.000043	0.000039	0.000042	0	19,955.87
Oct 05, 2020	0.000046	0.000047	0.000040	0.000040	10.79	18,767.03
Oct 04, 2020	0.000044	0.000046	0.000044	0.000046	0	21,780.75
Oct 03, 2020	0.000043	0.000044	0.000042	0.000044	0	20,753.78
Oct 02, 2020	0.000047	0.000047	0.000042	0.000043	10.58	20,029.67
Oct 01, 2020	0.000052	0.000052	0.000046	0.000047	2.19	21,950.85
Sep 30, 2020	0.000048	0.000052	0.000047	0.000051	0	24,191.80
Sep 29, 2020	0.000048	0.000048	0.000044	0.000048	23.86	22,628.02
Sep 28, 2020	0.000055	0.000055	0.000046	0.000048	260.93	22,442.21
Sep 27, 2020	0.000026	0.000110	0.000026	0.000055	6,897.91	25,703.85
Sep 26, 2020	0.000030	0.000031	0.000024	0.000026	26.98	12,284.31
Sep 25, 2020	0.000033	0.000034	0.000030	0.000030	7.27	14,319.25
Sep 24, 2020	0.000032	0.000034	0.000027	0.000033	32.79	15,725.49
Sep 23, 2020	0.000033	0.000034	0.000032	0.000032	22.86	14,929.27
Sep 22, 2020	0.000035	0.000036	0.000033	0.000033	60.12	15,654.26
Sep 21, 2020	0.000035	0.000039	0.000034	0.000035	584.99	16,643.75
Sep 20, 2020	0.000039	0.000040	0.000033	0.000035	209.79	16,458.05
Sep 19, 2020	0.000034	0.000042	0.000034	0.000039	0.885208	18,290.65
Sep 18, 2020	0.000034	0.000034	0.000034	0.000034	0	16,039.36
Sep 17, 2020	0.000034	0.000034	0.000034	0.000034	0	16,039.36
Sep 16, 2020	0.000037	0.000038	0.000034	0.000034	0	16,039.36
Sep 15, 2020	0.000041	0.000042	0.000034	0.000037	46.86	17,397.98
Sep 14, 2020	0.000043	0.000044	0.000039	0.000041	0.566418	19,170.90
Sep 13, 2020	0.000045	0.000045	0.000042	0.000043	11.08	20,434.42
Sep 12, 2020	0.000045	0.000051	0.000044	0.000045	1,831.26	21,282.77
Sep 11, 2020	0.000051	0.000051	0.000044	0.000045	35.18	20,913.76
Sep 10, 2020	0.000038	0.000051	0.000036	0.000051	93.75	23,746.94
Sep 09, 2020	0.000044	0.000045	0.000038	0.000038	284.23	18,005.79
Sep 08, 2020	0.000042	0.000045	0.000040	0.000044	51.48	20,802.69
Sep 07, 2020	0.000043	0.000048	0.000042	0.000042	520.34	19,863.28
Sep 06, 2020	0.000043	0.000047	0.000042	0.000043	4.50	20,310.83
Sep 05, 2020	0.000046	0.000047	0.000040	0.000043	21.15	20,273.26
Sep 04, 2020	0.000046	0.000047	0.000045	0.000046	0	21,680.96
Sep 03, 2020	0.000048	0.000056	0.000045	0.000046	495.70	21,523.70
Sep 02, 2020	0.000054	0.000057	0.000047	0.000048	14.64	22,385.65
Sep 01, 2020	0.000060	0.000067	0.000048	0.000054	1,604.46	25,363.56
Aug 31, 2020	0.000069	0.000069	0.000027	0.000060	1,163.38	28,344.95
Aug 30, 2020	0.000068	0.000070	0.000068	0.000069	77.38	32,467.21
Aug 29, 2020	0.000067	0.000074	0.000064	0.000068	185.83	31,779.74
Aug 28, 2020	0.000077	0.000078	0.000059	0.000067	100.83	31,684.44
Aug 27, 2020	0.000080	0.000081	0.000069	0.000077	58.05	36,277.41
Aug 26, 2020	0.000091	0.000091	0.000079	0.000081	139.84	37,831.08
Aug 25, 2020	0.000082	0.000094	0.000081	0.000091	20.60	42,608.82
Aug 24, 2020	0.000078	0.000087	0.000071	0.000082	68.21	38,444.75
Aug 23, 2020	0.000082	0.000083	0.000070	0.000078	12.63	36,549.09
Aug 22, 2020	0.000096	0.000096	0.000070	0.000082	62.27	38,410.68
Aug 21, 2020	0.000100	0.000100	0.000095	0.000096	0.657083	44,897.87
Aug 20, 2020	0.000083	0.000100	0.000082	0.000100	110.74	46,816.78
Aug 19, 2020	0.000082	0.000101	0.000072	0.000083	298.97	38,805.92
Aug 18, 2020	0.000086	0.000106	0.000082	0.000082	45.78	38,554.53
Aug 17, 2020	0.000083	0.000086	0.000082	0.000086	0	40,321.19
Aug 16, 2020	0.000083	0.000083	0.000080	0.000083	0.857216	39,107.58
Aug 15, 2020	0.000081	0.000084	0.000081	0.000083	7.42	39,125.38
Aug 14, 2020	0.000081	0.000094	0.000080	0.000081	29.48	38,214.29
Aug 13, 2020	0.000083	0.000085	0.000078	0.000081	97.09	37,996.20
Aug 12, 2020	0.000095	0.000098	0.000067	0.000083	293.34	39,032.40
Aug 11, 2020	0.000099	0.000100	0.000092	0.000095	246.24	44,798.78
Aug 10, 2020	0.000095	0.000104	0.000095	0.000099	59.65	46,633.79
Aug 09, 2020	0.000108	0.000112	0.000095	0.000095	257.26	44,595.30
Aug 08, 2020	0.000117	0.000118	0.000105	0.000108	155.05	50,550.54
Aug 07, 2020	0.000142	0.000147	0.000115	0.000117	139.15	55,135.30
Aug 06, 2020	0.000153	0.000153	0.000141	0.000142	0.142479	66,957.34
Aug 05, 2020	0.000151	0.000153	0.000147	0.000153	31.98	71,685.39
Aug 04, 2020	0.000157	0.000160	0.000148	0.000151	238.21	70,892.90
Aug 03, 2020	0.000144	0.000180	0.000134	0.000157	141.97	73,998.50
Aug 02, 2020	0.000131	0.000161	0.000119	0.000144	138.25	67,873.92
Aug 01, 2020	0.000110	0.000153	0.000109	0.000131	379.16	61,498.68
Jul 31, 2020	0.000128	0.000150	0.000090	0.000110	195.04	51,660.13
Jul 30, 2020	0.000155	0.000155	0.000121	0.000128	190.00	60,068.49
Jul 29, 2020	0.000159	0.000187	0.000148	0.000155	270.48	72,708.69
Jul 28, 2020	0.000178	0.000181	0.000156	0.000159	29.85	74,717.23
Jul 27, 2020	0.000165	0.000181	0.000134	0.000178	108.84	83,443.45
Jul 26, 2020	0.000149	0.000187	0.000147	0.000165	153.99	77,502.86
Jul 25, 2020	0.000134	0.000150	0.000134	0.000148	1.79	69,787.04
Jul 24, 2020	0.000144	0.000152	0.000133	0.000134	50.60	62,967.29
Jul 23, 2020	0.000159	0.000161	0.000133	0.000144	0.028365	67,519.81
Jul 22, 2020	0.000149	0.000159	0.000147	0.000159	0.011132	74,731.93
Jul 21, 2020	0.000114	0.000149	0.000114	0.000149	0.005942	69,813.32
Jul 20, 2020	0.000114	0.000115	0.000113	0.000114	0	53,640.73
Jul 19, 2020	0.000107	0.000142	0.000106	0.000114	132.72	53,572.83
Jul 18, 2020	0.000105	0.000108	0.000105	0.000107	2.12	50,105.56
Jul 17, 2020	0.000106	0.000112	0.000102	0.000105	196.33	49,239.00
Jul 16, 2020	0.000107	0.000108	0.000106	0.000106	3.57	49,931.27
Jul 15, 2020	0.000110	0.000110	0.000107	0.000107	3.64	50,302.15
Jul 14, 2020	0.000106	0.000113	0.000106	0.000110	1.46	51,526.75
Jul 13, 2020	0.000123	0.000125	0.000105	0.000106	12.20	49,813.19
Jul 12, 2020	0.000129	0.000130	0.000120	0.000123	1.70	57,668.55
Jul 11, 2020	0.000158	0.000158	0.000099	0.000129	180.67	60,441.71
Jul 10, 2020	0.000150	0.000158	0.000147	0.000158	0.078849	74,109.39
Jul 09, 2020	0.000154	0.000154	0.000149	0.000150	8.41	70,678.16
Jul 08, 2020	0.000145	0.000154	0.000145	0.000154	8.23	72,184.13
Jul 07, 2020	0.000137	0.000146	0.000123	0.000145	46.54	68,311.36
Jul 06, 2020	0.000128	0.000140	0.000128	0.000137	0.236176	64,320.84
Jul 05, 2020	0.000124	0.000129	0.000124	0.000128	2.82	60,241.45
Jul 04, 2020	0.000124	0.000126	0.000124	0.000124	0	58,176.58
Jul 03, 2020	0.000127	0.000130	0.000124	0.000124	0.535796	58,319.91
Jul 02, 2020	0.000127	0.000127	0.000127	0.000127	0	59,865.25
Jul 01, 2020	0.000127	0.000127	0.000127	0.000127	0	59,865.25
Jun 30, 2020	0.000127	0.000127	0.000127	0.000127	0	59,865.25
Jun 29, 2020	0.000127	0.000127	0.000127	0.000127	0	59,865.25
Jun 28, 2020	0.000128	0.000128	0.000127	0.000127	0	59,865.25
Jun 27, 2020	0.000129	0.000131	0.000127	0.000128	20.59	60,126.31
Jun 26, 2020	0.000181	0.000181	0.000121	0.000129	173.49	60,560.57
Jun 25, 2020	0.000181	0.000181	0.000181	0.000181	0	84,961.40
Jun 24, 2020	0.000181	0.000181	0.000181	0.000181	0	84,961.40
Jun 23, 2020	0.000181	0.000182	0.000179	0.000181	0	84,961.40
Jun 22, 2020	0.000158	0.000182	0.000158	0.000181	0.906667	85,260.51
Jun 21, 2020	0.000170	0.000176	0.000140	0.000158	3.96	74,298.45
Jun 20, 2020	0.000177	0.000179	0.000168	0.000170	6.70	79,701.97
Jun 19, 2020	0.000170	0.000180	0.000167	0.000177	39.30	83,252.76
Jun 18, 2020	0.000157	0.000179	0.000133	0.000169	58.35	79,599.18
Jun 17, 2020	0.000193	0.000193	0.000097	0.000157	466.59	73,907.20
Jun 16, 2020	0.000195	0.000199	0.000155	0.000193	30.02	90,688.65
Jun 15, 2020	0.000194	0.000199	0.000185	0.000195	1.43	91,734.37
Jun 14, 2020	0.000192	0.000194	0.000189	0.000194	2.89	91,252.25
Jun 13, 2020	0.000178	0.000208	0.000177	0.000192	135.34	90,042.64
Jun 12, 2020	0.000175	0.000231	0.000165	0.000178	51.15	83,614.65
Jun 11, 2020	0.000180	0.000181	0.000151	0.000175	207.62	82,089.16
Jun 10, 2020	0.000205	0.000207	0.000178	0.000180	50.47	84,399.16
Jun 09, 2020	0.000183	0.000348	0.000181	0.000205	9,997.05	96,453.36
Jun 08, 2020	0.000176	0.000185	0.000174	0.000183	229.61	86,233.02
Jun 07, 2020	0.000174	0.000176	0.000170	0.000176	52.03	82,552.81
Jun 06, 2020	0.000180	0.000191	0.000173	0.000174	374.86	81,634.82
Jun 05, 2020	0.000185	0.000188	0.000180	0.000180	10.55	84,451.01
Jun 04, 2020	0.000247	0.000249	0.000185	0.000185	388.97	87,059.40
Jun 03, 2020	0.000216	0.000247	0.000215	0.000247	2.08	116,093
Jun 02, 2020	0.000248	0.000324	0.000194	0.000216	3,219.23	101,409
Jun 01, 2020	0.000225	0.000249	0.000225	0.000248	0.055630	116,383
May 31, 2020	0.000232	0.000232	0.000224	0.000225	29.02	105,869
May 30, 2020	0.000209	0.000232	0.000207	0.000232	0.002322	109,104
May 29, 2020	0.000223	0.000227	0.000209	0.000209	0.014625	98,183.35
May 28, 2020	0.000214	0.000223	0.000211	0.000223	6.97	104,827
May 27, 2020	0.000194	0.000234	0.000194	0.000214	131.04	100,494
May 26, 2020	0.000211	0.000211	0.000192	0.000194	123.50	90,964.62
May 25, 2020	0.000166	0.000222	0.000166	0.000211	232.03	98,969.14
May 24, 2020	0.000184	0.000184	0.000158	0.000167	16.41	78,413.95
May 23, 2020	0.000184	0.000186	0.000182	0.000184	1.84	86,475.50
May 22, 2020	0.000158	0.000184	0.000156	0.000184	35.53	86,280.63
May 21, 2020	0.000233	0.000280	0.000152	0.000158	3,898.09	74,048.86
May 20, 2020	0.000211	0.000332	0.000211	0.000233	4,042.65	109,662
May 19, 2020	0.000215	0.000215	0.000211	0.000211	0	99,215.11
May 18, 2020	0.000207	0.000218	0.000207	0.000215	0.163293	101,145
May 17, 2020	0.000199	0.000208	0.000199	0.000207	0	97,324.28
May 16, 2020	0.000195	0.000201	0.000194	0.000199	30.32	93,616.70
May 15, 2020	0.000205	0.000206	0.000193	0.000195	1.05	91,432.38
May 14, 2020	0.000181	0.000212	0.000181	0.000205	11.58	96,349.68
May 13, 2020	0.000181	0.000181	0.000181	0.000181	0	84,950.96
May 12, 2020	0.000175	0.000181	0.000174	0.000181	0	84,950.96
May 11, 2020	0.000180	0.000181	0.000169	0.000175	0.104781	82,069.17
May 10, 2020	0.000202	0.000203	0.000177	0.000180	0	84,508.69
May 09, 2020	0.000208	0.000209	0.000203	0.000203	0.121520	95,179.79
May 08, 2020	0.000208	0.000211	0.000207	0.000208	0.208053	97,773.56
May 07, 2020	0.000190	0.000210	0.000190	0.000208	2.10	97,878.79
May 06, 2020	0.000189	0.000190	0.000189	0.000190	0	89,436.82
May 05, 2020	0.000205	0.000205	0.000186	0.000189	6.55	88,911.57
May 04, 2020	0.000204	0.000206	0.000199	0.000205	0	96,307.39
May 03, 2020	0.000207	0.000212	0.000185	0.000204	8.65	95,997.33
May 02, 2020	0.000177	0.000207	0.000177	0.000207	0.097373	97,362.40
May 01, 2020	0.000192	0.000192	0.000174	0.000177	28.92	83,217.14
Apr 30, 2020	0.000192	0.000192	0.000192	0.000192	0	90,067.23
Apr 29, 2020	0.000192	0.000192	0.000192	0.000192	0	90,067.23
Apr 28, 2020	0.000192	0.000192	0.000192	0.000192	0	90,067.23
Apr 27, 2020	0.000191	0.000194	0.000191	0.000192	0	90,067.23
Apr 26, 2020	0.000173	0.000192	0.000173	0.000191	0.031386	89,772.23
Apr 25, 2020	0.000173	0.000173	0.000173	0.000173	0	81,306.21
Apr 24, 2020	0.000173	0.000173	0.000173	0.000173	0	81,306.21
Apr 23, 2020	0.000165	0.000174	0.000165	0.000173	0	81,306.21
Apr 22, 2020	0.000151	0.000178	0.000150	0.000165	26.55	77,759.19
Apr 21, 2020	0.000196	0.000196	0.000151	0.000151	63.42	70,891.98
Apr 20, 2020	0.000203	0.000205	0.000196	0.000196	0	92,292.75
Apr 19, 2020	0.000217	0.000218	0.000203	0.000203	11.79	95,401.12
Apr 18, 2020	0.000212	0.000217	0.000212	0.000217	0.108435	101,918
Apr 17, 2020	0.000199	0.000214	0.000199	0.000212	0.002122	99,718.28
Apr 16, 2020	0.000216	0.000216	0.000197	0.000199	0	93,351.96
Apr 15, 2020	0.000205	0.000226	0.000205	0.000216	4.52	101,418
Apr 14, 2020	0.000205	0.000208	0.000204	0.000205	0	96,449.16
Apr 13, 2020	0.000178	0.000207	0.000170	0.000205	1.66	96,357.65
Apr 12, 2020	0.000206	0.000207	0.000178	0.000178	0.016839	83,724.19
Apr 11, 2020	0.000206	0.000208	0.000204	0.000206	0.067890	96,680.55
Apr 10, 2020	0.000220	0.000220	0.000204	0.000206	1.13	96,658.66
Apr 09, 2020	0.000234	0.000235	0.000216	0.000220	5.14	103,195
Apr 08, 2020	0.000215	0.000235	0.000214	0.000234	5.53	110,136
Apr 07, 2020	0.000228	0.000233	0.000214	0.000215	18.31	101,205
Apr 06, 2020	0.000204	0.000228	0.000204	0.000228	0.022709	106,933
Apr 05, 2020	0.000207	0.000208	0.000202	0.000204	5.01	96,009.20
Apr 04, 2020	0.000192	0.000217	0.000192	0.000207	144.02	97,213.19
Apr 03, 2020	0.000192	0.000192	0.000192	0.000192	0	90,015.56
Apr 02, 2020	0.000192	0.000194	0.000191	0.000192	0	90,015.56
Apr 01, 2020	0.000180	0.000192	0.000178	0.000192	3.75	90,351.26
Mar 31, 2020	0.000180	0.000182	0.000179	0.000180	5.69	84,669.08
Mar 30, 2020	0.000171	0.000184	0.000170	0.000180	0.641997	84,735.61
Mar 29, 2020	0.000180	0.000180	0.000171	0.000171	0.020532	80,407.48
Mar 28, 2020	0.000181	0.000185	0.000169	0.000180	83.82	84,419.91
Mar 27, 2020	0.000174	0.000214	0.000170	0.000181	64.86	84,994.31
Mar 26, 2020	0.000167	0.000175	0.000160	0.000174	3.41	81,932.34
Mar 25, 2020	0.000151	0.000172	0.000151	0.000167	0.016689	78,429.79
Mar 24, 2020	0.000151	0.000151	0.000151	0.000151	0	71,096.83
Mar 23, 2020	0.000150	0.000155	0.000150	0.000151	0	71,096.83
Mar 22, 2020	0.000161	0.000166	0.000150	0.000150	1.41	70,684.75
Mar 21, 2020	0.000180	0.000182	0.000161	0.000161	0.036181	75,757.66
Mar 20, 2020	0.000182	0.000198	0.000169	0.000180	1.25	84,620.54
Mar 19, 2020	0.000154	0.000187	0.000154	0.000182	0.001821	85,598.49
Mar 18, 2020	0.000154	0.000157	0.000151	0.000154	0.010761	72,243.25
Mar 17, 2020	0.000147	0.000158	0.000147	0.000154	0	72,407.83
Mar 16, 2020	0.000165	0.000165	0.000137	0.000147	0.572844	69,215.17
Mar 15, 2020	0.000171	0.000177	0.000162	0.000165	0.097754	77,318.31
Mar 14, 2020	0.000178	0.000181	0.000162	0.000171	0.003311	80,222.14
Mar 13, 2020	0.000144	0.000187	0.000120	0.000177	4.98	83,368.72
Mar 12, 2020	0.000245	0.000245	0.000143	0.000143	1.59	67,417.12
Mar 11, 2020	0.000245	0.000246	0.000245	0.000245	0	115,081
Mar 10, 2020	0.000246	0.000252	0.000228	0.000245	0.004741	115,073
Mar 09, 2020	0.000271	0.000271	0.000238	0.000245	0.002455	115,363
Mar 08, 2020	0.000271	0.000272	0.000264	0.000271	0	127,203
Mar 07, 2020	0.000255	0.000280	0.000254	0.000271	24.24	127,235
Mar 06, 2020	0.000253	0.000255	0.000251	0.000255	1.80	119,644
Mar 05, 2020	0.000288	0.000304	0.000237	0.000253	29.01	118,773
Mar 04, 2020	0.000299	0.000307	0.000283	0.000288	13.02	135,488
Mar 03, 2020	0.000281	0.000339	0.000252	0.000299	215.48	140,418
Mar 02, 2020	0.000269	0.000282	0.000268	0.000281	0	132,103
Mar 01, 2020	0.000285	0.000285	0.000262	0.000269	21.04	126,611
Feb 29, 2020	0.000281	0.000286	0.000281	0.000285	0	133,817
Feb 28, 2020	0.000288	0.000292	0.000272	0.000280	5.57	131,819
Feb 27, 2020	0.000304	0.000308	0.000268	0.000288	215.17	135,112
Feb 26, 2020	0.000329	0.000331	0.000298	0.000304	4.51	142,670
Feb 25, 2020	0.000358	0.000359	0.000316	0.000330	10.00	154,890
Feb 24, 2020	0.000326	0.000381	0.000309	0.000358	722.46	168,466
Feb 23, 2020	0.000302	0.000429	0.000301	0.000326	65,777.86	152,988
Feb 22, 2020	0.000335	0.000341	0.000302	0.000302	117.58	142,106
Feb 21, 2020	0.000282	0.000599	0.000281	0.000335	20,969.38	157,320
Feb 20, 2020	0.000282	0.000283	0.000279	0.000282	0.045121	132,596
Feb 19, 2020	0.000316	0.000316	0.000281	0.000282	0.112969	132,442
Feb 18, 2020	0.000319	0.000319	0.000287	0.000316	57.57	148,476
Feb 17, 2020	0.000328	0.000328	0.000313	0.000319	0	149,716
Feb 16, 2020	0.000337	0.000340	0.000283	0.000328	58.80	153,974
Feb 15, 2020	0.000341	0.000350	0.000335	0.000337	0.033673	158,244
Feb 14, 2020	0.000328	0.000341	0.000322	0.000341	0.457626	160,181
Feb 13, 2020	0.000370	0.000376	0.000312	0.000328	7.99	154,062
Feb 12, 2020	0.000309	0.000375	0.000309	0.000370	58.35	173,979
Feb 11, 2020	0.000439	0.000461	0.000303	0.000309	106.92	145,305
Feb 10, 2020	0.000439	0.000439	0.000439	0.000439	0	206,486
Feb 09, 2020	0.000430	0.000442	0.000430	0.000439	0	206,486
Feb 08, 2020	0.000422	0.000453	0.000314	0.000430	58.00	202,250
Feb 07, 2020	0.000422	0.000422	0.000422	0.000422	0	198,528
Feb 06, 2020	0.000422	0.000422	0.000422	0.000422	0	198,528
Feb 05, 2020	0.000422	0.000422	0.000422	0.000422	0	198,528
Feb 04, 2020	0.000428	0.000430	0.000420	0.000422	0	198,528
Feb 03, 2020	0.000457	0.000461	0.000427	0.000428	0.240713	201,153
Feb 02, 2020	0.000451	0.000463	0.000448	0.000457	0.137224	214,960
Feb 01, 2020	0.000430	0.000453	0.000430	0.000451	1.87	211,937
Jan 31, 2020	0.000430	0.000430	0.000430	0.000430	0	202,277
Jan 30, 2020	0.000430	0.000430	0.000430	0.000430	0	202,277
Jan 29, 2020	0.000432	0.000434	0.000424	0.000430	0	202,277
Jan 28, 2020	0.000410	0.000431	0.000409	0.000431	104.39	202,745
Jan 27, 2020	0.000404	0.000473	0.000401	0.000411	15.30	192,985
Jan 26, 2020	0.000455	0.000463	0.000399	0.000404	0.008076	189,755
Jan 25, 2020	0.000390	0.000459	0.000381	0.000455	13.08	214,004
Jan 24, 2020	0.000387	0.000390	0.000380	0.000390	0	183,117
Jan 23, 2020	0.000408	0.000409	0.000383	0.000387	0.728329	182,062
Jan 22, 2020	0.000402	0.000409	0.000397	0.000408	35.10	191,827
Jan 21, 2020	0.000399	0.000460	0.000398	0.000403	2.16	189,267
Jan 20, 2020	0.000520	0.000520	0.000391	0.000399	55.29	187,610
Jan 19, 2020	0.000537	0.000551	0.000518	0.000520	0	244,309
Jan 18, 2020	0.000536	0.000539	0.000531	0.000537	5.29	252,159
Jan 17, 2020	0.000614	0.000637	0.000528	0.000536	25.55	251,912
Jan 16, 2020	0.000553	0.000616	0.000553	0.000614	0.024550	288,736
Jan 15, 2020	0.000553	0.000553	0.000553	0.000553	0	260,011
Jan 14, 2020	0.000553	0.000553	0.000553	0.000553	0	260,011
Jan 13, 2020	0.000557	0.000558	0.000552	0.000553	0	260,011
Jan 12, 2020	0.000546	0.000559	0.000544	0.000557	0.055724	261,875
Jan 11, 2020	0.000548	0.000559	0.000545	0.000546	0.136558	256,699
Jan 10, 2020	0.000548	0.000548	0.000548	0.000548	0	257,303
Jan 09, 2020	0.000544	0.000549	0.000535	0.000548	0	257,303
Jan 08, 2020	0.000596	0.000596	0.000533	0.000545	25.07	256,144
Jan 07, 2020	0.000585	0.000601	0.000585	0.000596	0	280,098
Jan 06, 2020	0.000558	0.000586	0.000558	0.000585	0.795821	274,995
Jan 05, 2020	0.000558	0.000569	0.000557	0.000558	1.62	262,087
Jan 04, 2020	0.000686	0.000690	0.000557	0.000559	244.02	262,506
Jan 03, 2020	0.000705	0.000705	0.000653	0.000686	108.75	322,530
Jan 02, 2020	0.000705	0.000705	0.000705	0.000705	0	331,126
Jan 01, 2020	0.000681	0.000705	0.000679	0.000705	0	331,126
Dec 31, 2019	0.000473	0.000706	0.000471	0.000681	15.61	319,819
Dec 30, 2019	0.000533	0.000540	0.000471	0.000473	18.58	222,504
Dec 29, 2019	0.000686	0.000703	0.000533	0.000533	15.99	250,314
Dec 28, 2019	0.000553	0.000698	0.000501	0.000686	141.72	322,475
Dec 27, 2019	0.000390	0.000709	0.000364	0.000553	2,081.91	260,044
Dec 26, 2019	0.000386	0.000392	0.000382	0.000390	0	183,127
Dec 25, 2019	0.000442	0.000442	0.000383	0.000386	0.169321	181,311
Dec 24, 2019	0.000353	0.000444	0.000351	0.000442	0.008837	207,750
Dec 23, 2019	0.000357	0.000454	0.000351	0.000353	141.52	165,812
Dec 22, 2019	0.000371	0.000391	0.000346	0.000357	6.19	167,722
Dec 21, 2019	0.000371	0.000371	0.000371	0.000371	0	174,265
Dec 20, 2019	0.000373	0.000374	0.000370	0.000371	0	174,265
Dec 19, 2019	0.000417	0.000420	0.000366	0.000373	0.074340	175,465
Dec 18, 2019	0.000299	0.000447	0.000298	0.000417	353.31	195,757
Dec 17, 2019	0.000322	0.000322	0.000297	0.000299	3.28	140,288
Dec 16, 2019	0.000323	0.000324	0.000319	0.000322	0	151,549
Dec 15, 2019	0.000280	0.000324	0.000266	0.000323	0.452410	151,852
Dec 14, 2019	0.000311	0.000366	0.000279	0.000280	25.89	131,527
Dec 13, 2019	0.000288	0.000312	0.000274	0.000311	12.57	146,068
Dec 12, 2019	0.000288	0.000288	0.000288	0.000288	0	135,276
Dec 11, 2019	0.000288	0.000288	0.000288	0.000288	0	135,276
Dec 10, 2019	0.000289	0.000291	0.000286	0.000288	0	135,276
Dec 09, 2019	0.000303	0.000304	0.000288	0.000289	0.077048	135,926
Dec 08, 2019	0.000253	0.000304	0.000253	0.000302	3.90	142,125
Dec 07, 2019	0.000287	0.000315	0.000252	0.000253	0.637067	118,770
Dec 06, 2019	0.000298	0.000305	0.000283	0.000287	2.35	135,039
Dec 05, 2019	0.000293	0.000301	0.000288	0.000298	0.116266	140,109
Dec 04, 2019	0.000323	0.000334	0.000293	0.000293	11.00	137,506
Dec 03, 2019	0.000330	0.000333	0.000311	0.000324	6.16	152,028
Dec 02, 2019	0.000340	0.000340	0.000305	0.000330	31.20	154,914
Dec 01, 2019	0.000342	0.000342	0.000340	0.000340	0.010151	159,778
Nov 30, 2019	0.000352	0.000355	0.000342	0.000342	0	160,878
Nov 29, 2019	0.000283	0.000357	0.000281	0.000352	2.74	165,290
Nov 28, 2019	0.000321	0.000326	0.000282	0.000283	5.40	132,807
Nov 27, 2019	0.000330	0.000351	0.000316	0.000321	9.10	150,795
Nov 26, 2019	0.000330	0.000330	0.000330	0.000330	0	155,181
Nov 25, 2019	0.000345	0.000346	0.000325	0.000330	0	155,181
Nov 24, 2019	0.000365	0.000365	0.000345	0.000345	0.072358	161,925
Nov 23, 2019	0.000315	0.000365	0.000293	0.000365	7.15	171,334
Nov 22, 2019	0.000364	0.000385	0.000294	0.000315	17.52	147,922
Nov 21, 2019	0.000398	0.000399	0.000362	0.000364	14.25	170,859
Nov 20, 2019	0.000412	0.000414	0.000397	0.000398	26.71	187,066
Nov 19, 2019	0.000421	0.000448	0.000407	0.000412	53.69	193,493
Nov 18, 2019	0.000394	0.000422	0.000389	0.000421	398.56	197,951
Nov 17, 2019	0.000385	0.000416	0.000384	0.000394	4.27	185,184
Nov 16, 2019	0.000384	0.000390	0.000383	0.000385	0.053857	180,786
Nov 15, 2019	0.000384	0.000416	0.000379	0.000384	16.40	180,455
Nov 14, 2019	0.000370	0.000408	0.000360	0.000384	3.97	180,283
Nov 13, 2019	0.000379	0.000397	0.000331	0.000370	100.83	173,866
Nov 12, 2019	0.000327	0.000380	0.000049	0.000379	1.33	178,121
Nov 11, 2019	0.000422	0.000423	0.000327	0.000327	3.92	153,757
Nov 10, 2019	0.000370	0.000422	0.000370	0.000422	13.86	198,351
Nov 09, 2019	0.000365	0.000371	0.000365	0.000370	4.44	173,789
Nov 08, 2019	0.000380	0.000388	0.000364	0.000365	124.74	171,537
Nov 07, 2019	0.000430	0.000431	0.000367	0.000380	115.13	178,647
Nov 06, 2019	0.000410	0.000431	0.000393	0.000430	353.81	202,292
Nov 05, 2019	0.000448	0.000489	0.000383	0.000410	365.23	192,629
Nov 04, 2019	0.000346	0.000449	0.000344	0.000448	698.26	210,495
Nov 03, 2019	0.000339	0.000387	0.000304	0.000346	2,696.85	162,555
Nov 02, 2019	0.000387	0.000881	0.000264	0.000339	85,468.14	159,302
Nov 01, 2019	0.000385	0.000388	0.000382	0.000387	44.57	182,011
Oct 31, 2019	0.000390	0.000412	0.000383	0.000385	0.466169	180,891
Oct 30, 2019	0.000438	0.000438	0.000381	0.000390	36.24	183,390
Oct 29, 2019	0.000436	0.000470	0.000401	0.000438	384.36	205,878
Oct 28, 2019	0.000526	0.000906	0.000423	0.000436	8,599.50	204,866
Oct 27, 2019	0.000538	0.000543	0.000506	0.000526	5.87	247,351
Oct 26, 2019	0.000529	0.000589	0.000523	0.000538	6.23	252,659
Oct 25, 2019	0.000487	0.000574	0.000487	0.000529	25.52	248,831
Oct 24, 2019	0.000479	0.000554	0.000477	0.000487	64.54	228,791
Oct 23, 2019	0.000510	0.000550	0.000463	0.000479	329.99	225,119
Oct 22, 2019	0.000512	0.000525	0.000509	0.000510	20.41	239,751
Oct 21, 2019	0.000535	0.000603	0.000509	0.000511	32.57	240,341
Oct 20, 2019	0.000511	0.000601	0.000493	0.000535	18.16	251,282
Oct 19, 2019	0.000538	0.000542	0.000466	0.000511	132.00	240,035
Oct 18, 2019	0.000548	0.000550	0.000534	0.000538	5.18	252,842
Oct 17, 2019	0.000544	0.000550	0.000541	0.000548	16.44	257,528
Oct 16, 2019	0.000612	0.000613	0.000540	0.000544	117.82	255,694
Oct 15, 2019	0.000570	0.000622	0.000564	0.000612	0.034542	287,579
Oct 14, 2019	0.000628	0.000630	0.000563	0.000569	0.493179	267,489
Oct 13, 2019	0.000644	0.000644	0.000624	0.000628	0.018828	294,936
Oct 12, 2019	0.000641	0.000647	0.000641	0.000644	0	302,868
Oct 11, 2019	0.000643	0.000672	0.000563	0.000641	11.29	301,331
Oct 10, 2019	0.000637	0.000643	0.000591	0.000643	0	302,090
Oct 09, 2019	0.000618	0.000640	0.000582	0.000637	61.74	299,353
Oct 08, 2019	0.000624	0.000632	0.000614	0.000618	0.080294	290,261
Oct 07, 2019	0.000661	0.000679	0.000615	0.000624	9.04	293,342
Oct 06, 2019	0.000681	0.000684	0.000659	0.000662	0.019849	340,701
Oct 05, 2019	0.000632	0.000686	0.000604	0.000681	0.097179	350,837
Oct 04, 2019	0.000640	0.000641	0.000627	0.000632	0.025265	325,249
Oct 03, 2019	0.000664	0.000674	0.000593	0.000640	169.04	329,801
Oct 02, 2019	0.000725	0.000790	0.000654	0.000664	133.81	341,866
Oct 01, 2019	0.000580	0.000743	0.000576	0.000725	0.065313	373,514
Sep 30, 2019	0.000567	0.000731	0.000547	0.000580	34.89	298,809
Sep 29, 2019	0.000710	0.000711	0.000559	0.000567	0.134881	307,672
Sep 28, 2019	0.000710	0.000712	0.000623	0.000710	1.88	385,193
Sep 27, 2019	0.000782	0.000784	0.000634	0.000710	120.07	385,263
Sep 26, 2019	0.000644	0.000802	0.000551	0.000782	801.03	424,684
Sep 25, 2019	0.000471	0.000689	0.000471	0.000644	1,083.48	349,724
Sep 24, 2019	0.000490	0.000535	0.000455	0.000471	0.004706	255,447
Sep 23, 2019	0.000532	0.000603	0.000490	0.000490	21.26	265,864
Sep 22, 2019	0.000602	0.000603	0.000524	0.000533	74.43	289,066
Sep 21, 2019	0.000488	0.000857	0.000461	0.000602	4,350.48	326,915
Sep 20, 2019	0.000680	0.000737	0.000469	0.000488	420.44	264,677
Sep 19, 2019	0.000673	0.000746	0.000627	0.000679	302.91	368,355
Sep 18, 2019	0.000760	0.000761	0.000673	0.000673	27.56	365,263
Sep 17, 2019	0.000693	0.000822	0.000692	0.000760	394.58	412,571
Sep 16, 2019	0.000844	0.000882	0.000656	0.000693	1,097.83	375,979
Sep 15, 2019	0.000784	0.000847	0.000641	0.000844	19.90	457,887
Sep 14, 2019	0.000784	0.000786	0.000767	0.000784	0.227209	425,374
Sep 13, 2019	0.000783	0.000785	0.000783	0.000784	0	425,635
Sep 12, 2019	0.000814	0.000817	0.000761	0.000783	0.218943	424,880
Sep 11, 2019	0.000714	0.000815	0.000704	0.000814	473.64	441,751
Sep 10, 2019	0.000694	0.000731	0.000691	0.000714	0.186153	387,563
Sep 09, 2019	0.000742	0.000786	0.000689	0.000694	17.18	376,974
Sep 08, 2019	0.000662	0.000846	0.000662	0.000742	3.33	402,835
Sep 07, 2019	0.000675	0.000677	0.000653	0.000663	0.139220	359,855
Sep 06, 2019	0.000703	0.000744	0.000670	0.000675	3.27	366,169
Sep 05, 2019	0.000667	0.000741	0.000663	0.000703	369.42	381,656
Sep 04, 2019	0.000750	0.000750	0.000647	0.000667	0.158822	362,254
Sep 03, 2019	0.000728	0.000756	0.000726	0.000750	19.59	407,054
Sep 02, 2019	0.000766	0.000773	0.000713	0.000728	69.11	395,040
Sep 01, 2019	0.000871	0.000874	0.000750	0.000766	0.276091	415,856
Aug 31, 2019	0.000850	0.000928	0.000772	0.000871	53.53	472,593
Aug 30, 2019	0.000950	0.000951	0.000844	0.000850	26.47	461,462
Aug 29, 2019	0.000968	0.000968	0.000935	0.000950	6.13	515,421
Aug 28, 2019	0.000917	0.001021	0.000892	0.000968	232.01	525,531
Aug 27, 2019	0.001037	0.001038	0.000897	0.000917	708.29	497,798
Aug 26, 2019	0.001092	0.001298	0.000908	0.001037	275.25	562,855
Aug 25, 2019	0.000935	0.001142	0.000862	0.001091	159.51	592,362
Aug 24, 2019	0.001033	0.001033	0.000723	0.000935	291.94	507,790
Aug 23, 2019	0.000952	0.001036	0.000947	0.001033	63.24	560,522
Aug 22, 2019	0.000864	0.001113	0.000864	0.000952	1,287.52	516,813
Aug 21, 2019	0.000530	0.001038	0.000507	0.000864	5,399.69	468,980
Aug 20, 2019	0.000516	0.000538	0.000497	0.000530	140.18	287,844
Aug 19, 2019	0.000453	0.000559	0.000451	0.000516	299.61	279,877
Aug 18, 2019	0.000460	0.000507	0.000452	0.000452	823.17	245,514
Aug 17, 2019	0.000419	0.000526	0.000414	0.000460	232.35	249,908
Aug 16, 2019	0.000516	0.000532	0.000416	0.000419	19.02	227,323
Aug 15, 2019	0.000535	0.000553	0.000489	0.000516	52.86	280,016
Aug 14, 2019	0.000412	0.000615	0.000352	0.000535	1,397.09	290,658
Aug 13, 2019	0.000370	0.000538	0.000353	0.000412	68.90	223,850
Aug 12, 2019	0.000495	0.000495	0.000370	0.000370	0.886005	201,108
Aug 11, 2019	0.000410	0.000510	0.000381	0.000495	374.46	268,513
Aug 10, 2019	0.000433	0.000435	0.000409	0.000410	4.27	222,715
Aug 09, 2019	0.000502	0.000503	0.000429	0.000433	0.086590	235,008
Aug 08, 2019	0.000576	0.000578	0.000459	0.000503	0.041462	272,784
Aug 07, 2019	0.000485	0.000577	0.000453	0.000576	1.18	312,658
Aug 06, 2019	0.000523	0.000538	0.000455	0.000485	45.65	263,404
Aug 05, 2019	0.000548	0.000590	0.000480	0.000524	214.50	279,153
Aug 04, 2019	0.000473	0.000550	0.000473	0.000548	0.153541	292,065
Aug 03, 2019	0.000460	0.000542	0.000459	0.000473	1.52	251,976
Aug 02, 2019	0.000450	0.000518	0.000449	0.000460	9.92	244,920
Aug 01, 2019	0.000435	0.000451	0.000428	0.000450	0.009701	239,835
Jul 31, 2019	0.000536	0.000558	0.000426	0.000435	52.90	231,740
Jul 30, 2019	0.000536	0.000548	0.000472	0.000536	2,899.64	285,705
Jul 29, 2019	0.000517	0.000640	0.000489	0.000536	1,162.44	285,500
Jul 28, 2019	0.000552	0.000607	0.000500	0.000517	38.79	275,452
Jul 27, 2019	0.000553	0.000571	0.000488	0.000552	640.82	293,890
Jul 26, 2019	0.000405	0.000632	0.000361	0.000553	3,442.12	294,511
Jul 25, 2019	0.000411	0.000425	0.000363	0.000405	55.07	215,697
Jul 24, 2019	0.000400	0.000415	0.000345	0.000411	136.11	219,071
Jul 23, 2019	0.000426	0.000456	0.000352	0.000400	86.91	212,960
Jul 22, 2019	0.000367	0.000452	0.000361	0.000426	968.37	226,777
Jul 21, 2019	0.000397	0.000398	0.000317	0.000367	456.03	195,585
Jul 20, 2019	0.000420	0.000423	0.000343	0.000397	490.93	211,375
Jul 19, 2019	0.000502	0.000519	0.000351	0.000420	1,717.34	223,607
Jul 18, 2019	0.000521	0.000546	0.000464	0.000502	1,555.90	267,663
Jul 17, 2019	0.000482	0.000535	0.000477	0.000521	1,529.78	284,210
Jul 16, 2019	0.000540	0.000560	0.000482	0.000484	1,887.20	264,188
Jul 15, 2019	0.000527	0.000586	0.000478	0.000541	806.28	295,230
Jul 14, 2019	0.000514	0.000556	0.000469	0.000527	225.35	287,943
Jul 13, 2019	0.000550	0.000616	0.000509	0.000514	20.36	280,686
Jul 12, 2019	0.000495	0.000563	0.000491	0.000550	465.11	300,270
Jul 11, 2019	0.000509	0.000588	0.000463	0.000494	134.54	269,942
Jul 10, 2019	0.000644	0.000661	0.000493	0.000509	391.05	278,057
Jul 09, 2019	0.000626	0.000658	0.000599	0.000644	1,113.04	351,456
Jul 08, 2019	0.000626	0.000642	0.000611	0.000626	109.08	341,920
Jul 07, 2019	0.000599	0.000651	0.000599	0.000626	189.36	342,060
Jul 06, 2019	0.000542	0.000629	0.000542	0.000599	587.82	327,134
Jul 05, 2019	0.000528	0.000628	0.000521	0.000543	4,534.52	296,335
Jul 04, 2019	0.000499	0.000578	0.000486	0.000528	916.20	288,151
Jul 03, 2019	0.000541	0.000598	0.000461	0.000499	1,510.34	272,415
Jul 02, 2019	0.000586	0.000595	0.000495	0.000541	958.52	295,253
Jul 01, 2019	0.000558	0.000589	0.000219	0.000586	1,334.45	319,924
Jun 30, 2019	0.000677	0.000685	0.000537	0.000558	495.06	304,664
Jun 29, 2019	0.000630	0.000685	0.000593	0.000677	484.79	369,914
Jun 28, 2019	0.000519	0.000631	0.000514	0.000629	1,020.16	343,691
Jun 27, 2019	0.000637	0.000661	0.000499	0.000518	1,771.45	282,746
Jun 26, 2019	0.000541	0.000729	0.000499	0.000637	3,275.73	347,968
Jun 25, 2019	0.000572	0.000577	0.000474	0.000541	949.08	295,375
Jun 24, 2019	0.000505	0.000623	0.000485	0.000572	1,205.15	312,129
Jun 23, 2019	0.000558	0.000582	0.000490	0.000505	1,169.17	275,600
Jun 22, 2019	0.000588	0.000629	0.000484	0.000558	571.75	304,574
Jun 21, 2019	0.000578	0.000602	0.000553	0.000586	1,441.22	320,072
Jun 20, 2019	0.000586	0.000686	0.000564	0.000578	2,818.82	315,403
Jun 19, 2019	0.000578	0.000605	0.000513	0.000586	1,569.73	319,888
Jun 18, 2019	0.000566	0.000614	0.000534	0.000577	1,020.77	315,208
Jun 17, 2019	0.000568	0.000594	0.000502	0.000566	1,551.41	308,926
Jun 16, 2019	0.000530	0.000642	0.000529	0.000568	1,320.14	310,052
Jun 15, 2019	0.000590	0.000627	0.000529	0.000530	4,425.82	289,479
Jun 14, 2019	0.000576	0.000649	0.000571	0.000590	1,857.12	322,283
Jun 13, 2019	0.000593	0.000630	0.000568	0.000575	1,772.17	313,995
Jun 12, 2019	0.000577	0.000651	0.000553	0.000593	4,819.18	323,840
Jun 11, 2019	0.000579	0.000591	0.000527	0.000576	4,996.93	314,694
Jun 10, 2019	0.000529	0.000597	0.000496	0.000578	5,577.58	315,593
Jun 09, 2019	0.000507	0.000569	0.000466	0.000530	7,279.72	289,143
Jun 08, 2019	0.000574	0.000589	0.000465	0.000507	16,125.19	276,783
Jun 07, 2019	0.000599	0.000602	0.000536	0.000574	38,455.85	313,439
Jun 06, 2019	0.000593	0.000661	0.000517	0.000599	33,246.79	327,026
Jun 05, 2019	0.000467	0.000877	0.000449	0.000602	145,719	328,907
Jun 04, 2019	0.005152	0.005562	0.000399	0.000468	119,241	255,264
Jun 03, 2019	0.004602	0.005352	0.004372	0.005157	730.02	2,816,002
Jun 02, 2019	0.003807	0.004818	0.003763	0.004602	2,127.81	2,512,570
Jun 01, 2019	0.004895	0.005150	0.003794	0.003807	1,429.31	2,078,732
May 31, 2019	0.004232	0.018695	0.004042	0.004755	9,775.57	2,596,007
May 30, 2019	0.005370	0.005618	0.003542	0.004232	649.71	2,310,440
May 29, 2019	0.005496	0.006652	0.005097	0.005370	953.57	2,932,142
May 28, 2019	0.005759	0.005778	0.005467	0.005496	1,896.13	3,018,062
May 27, 2019	0.005897	0.005949	0.005446	0.005757	2,239.16	3,161,296
May 26, 2019	0.005683	0.006219	0.005005	0.005947	1,814.89	3,265,537
May 25, 2019	0.006332	0.006359	0.004784	0.005689	1,675.01	3,124,248
May 24, 2019	0.006169	0.006502	0.005009	0.006332	189.71	3,476,892
May 23, 2019	0.004983	0.006177	0.004657	0.006172	1,008.79	3,389,040
May 22, 2019	0.006036	0.006038	0.003933	0.004983	952.47	2,736,174
May 21, 2019	0.005442	0.006173	0.005206	0.006036	2,263.69	3,314,611
May 20, 2019	0.005155	0.005490	0.005034	0.005444	1,884.74	2,989,286
May 19, 2019	0.004947	0.005382	0.004506	0.005155	1,945.31	2,831,005
May 18, 2019	0.005442	0.005489	0.004291	0.004949	41.02	2,717,447
May 17, 2019	0.004968	0.005894	0.004678	0.005442	1,728.21	2,988,500
May 16, 2019	0.003271	0.007398	0.003085	0.004972	3,644.30	2,730,081
May 15, 2019	0.005425	0.005504	0.002999	0.003273	1,659.21	1,797,507
May 14, 2019	0.004868	0.005435	0.004195	0.005426	1,510.28	2,979,505
May 13, 2019	0.004378	0.006343	0.003495	0.004865	2,187.82	2,671,804
May 12, 2019	0.006194	0.006239	0.003318	0.004378	2,178.32	2,404,161
May 11, 2019	0.005362	0.006472	0.004196	0.006204	2,778.48	3,406,703
May 10, 2019	0.005281	0.007560	0.004248	0.005359	2,272.71	2,942,848
May 09, 2019	0.006015	0.006038	0.005227	0.005284	701.27	2,901,489
May 08, 2019	0.006064	0.006657	0.004979	0.006016	1,802.66	3,303,544
May 07, 2019	0.005664	0.006440	0.005608	0.006072	1,776.53	3,334,249
May 06, 2019	0.005001	0.006122	0.004988	0.005665	3,278.12	3,110,862
May 05, 2019	0.005586	0.006197	0.004999	0.004999	1,510.01	2,745,235
May 04, 2019	0.005671	0.005818	0.005528	0.005586	1,775.68	3,067,353
May 03, 2019	0.005946	0.006347	0.005512	0.005672	1,574.34	3,114,973
May 02, 2019	0.006353	0.006358	0.005934	0.005947	790.30	3,265,928
May 01, 2019	0.006240	0.008501	0.005749	0.006353	1,812.96	3,444,105
Apr 30, 2019	0.006030	0.006346	0.005878	0.006238	2,708.48	3,381,494
Apr 29, 2019	0.005902	0.006483	0.005902	0.006028	2,254.96	3,267,982
Apr 28, 2019	0.006043	0.006214	0.005883	0.005904	1,554.23	3,200,645
Apr 27, 2019	0.005373	0.006268	0.005356	0.006044	973.58	3,276,760
Apr 26, 2019	0.005198	0.005374	0.005125	0.005371	3,148.42	2,911,401
Apr 25, 2019	0.005720	0.005741	0.005133	0.005181	641.32	2,808,673
Apr 24, 2019	0.006269	0.006339	0.005636	0.005721	1,245.54	3,101,323
Apr 23, 2019	0.006392	0.006579	0.006169	0.006269	1,044.23	3,398,379
Apr 22, 2019	0.006456	0.006489	0.006248	0.006392	1,654.86	3,465,113
Apr 21, 2019	0.007047	0.007083	0.006236	0.006458	1,416.17	3,500,979
Apr 20, 2019	0.007353	0.007449	0.006803	0.007045	1,655.37	3,819,239
Apr 19, 2019	0.007317	0.007362	0.007203	0.007352	2,044.07	3,996,041
Apr 18, 2019	0.007433	0.007530	0.007260	0.007316	1,181.80	3,976,326
Apr 17, 2019	0.007338	0.007650	0.007334	0.007432	2,622.06	4,081,087
Apr 16, 2019	0.007159	0.007398	0.006970	0.007339	3,137.04	4,030,055
Apr 15, 2019	0.007405	0.007524	0.007081	0.007159	2,109.66	3,931,195
Apr 14, 2019	0.007561	0.007582	0.007133	0.007405	1,874.48	4,066,230
Apr 13, 2019	0.008288	0.008396	0.007231	0.007561	776.43	4,151,631
Apr 12, 2019	0.008201	0.008387	0.008036	0.008292	1,199.67	4,553,092
Apr 11, 2019	0.008294	0.008499	0.008046	0.008208	1,168.13	4,506,803
Apr 10, 2019	0.009823	0.010074	0.007671	0.008289	1,464.42	4,551,521
Apr 09, 2019	0.009489	0.010270	0.008298	0.009824	1,920.97	5,394,487
Apr 08, 2019	0.010533	0.010807	0.006958	0.009489	3,100.18	5,210,725
Apr 07, 2019	0.012292	0.012524	0.010306	0.010527	3,826.65	5,780,324
Apr 06, 2019	0.012731	0.013166	0.009908	0.012296	1,475.95	6,751,786
Apr 05, 2019	0.014890	0.015023	0.010830	0.012730	819.89	6,990,141
Apr 04, 2019	0.012722	0.015021	0.009211	0.014890	659.84	8,176,402
Apr 03, 2019	0.012686	0.013682	0.009527	0.012713	270.09	7,010,058
Apr 02, 2019	0.010716	0.015012	0.009621	0.012686	1,522.53	6,995,036
Apr 01, 2019	0.009729	0.010831	0.005727	0.010709	2,102.07	5,903,594
Mar 31, 2019	0.006959	0.010971	0.006835	0.009735	1,941.72	5,366,315
Mar 30, 2019	0.011336	0.011947	0.006959	0.006959	689.18	3,836,247
Mar 29, 2019	0.007172	0.011361	0.007100	0.011344	89.97	6,253,477
Mar 28, 2019	0.010688	0.010688	0.007121	0.007171	265.55	3,931,662
Mar 27, 2019	0.008323	0.011208	0.006729	0.010694	37.17	5,931,786
Mar 26, 2019	0.006471	0.008319	0.005085	0.008319	142.10	4,614,444
Mar 25, 2019	0.004368	0.006658	0.004272	0.006473	7,114.28	3,662,511
Mar 24, 2019	0.004696	0.004699	0.004071	0.004363	1,251.88	2,468,514
Mar 23, 2019	0.004246	0.005385	0.004068	0.004693	1,414.61	2,655,275
Mar 22, 2019	0.004095	0.004271	0.004086	0.004251	1.19	2,404,927
Mar 21, 2019	0.004228	0.004238	0.004075	0.004099	436.81	2,319,153
Mar 20, 2019	0.004328	0.004328	0.004153	0.004239	440.12	2,421,582
Mar 19, 2019	0.004328	0.004328	0.004328	0.004328	0	2,487,263
Mar 18, 2019	0.004339	0.004389	0.004318	0.004328	0	2,487,263
Mar 17, 2019	0.004366	0.004374	0.004315	0.004335	57.09	2,491,722
Mar 16, 2019	0.004254	0.004425	0.003802	0.004365	83.94	2,508,811
Mar 15, 2019	0.004117	0.004261	0.003548	0.004253	85.76	2,444,109
Mar 14, 2019	0.003978	0.004132	0.002740	0.004120	40.13	2,368,078
Mar 13, 2019	0.004033	0.004034	0.003970	0.003981	448.20	2,287,724
Mar 12, 2019	0.003994	0.004058	0.003925	0.004031	3,985.34	2,316,806
Mar 11, 2019	0.004047	0.004112	0.003877	0.003991	652.34	2,293,646
Mar 10, 2019	0.004091	0.004091	0.003765	0.004045	1,158.20	2,324,535
Mar 09, 2019	0.004208	0.004383	0.001949	0.004084	241.39	2,347,207
Mar 08, 2019	0.004169	0.004325	0.001889	0.004214	537.36	2,422,180
Mar 07, 2019	0.004190	0.004249	0.004131	0.004162	1,082.64	2,392,207
Mar 06, 2019	0.004636	0.004695	0.003880	0.003912	1,679.74	2,248,496
Mar 05, 2019	0.004658	0.005076	0.004133	0.004634	11,845.82	2,663,409
Mar 04, 2019	0.005259	0.005371	0.004651	0.004651	3,297.70	2,673,020
Mar 03, 2019	0.004276	0.005537	0.004273	0.005260	14,376.17	3,022,845
Mar 02, 2019	0.004091	0.004351	0.004044	0.004234	537.03	2,433,352
Mar 01, 2019	0.004242	0.004433	0.003783	0.004098	10,880.94	2,355,286
Feb 28, 2019	0.004850	0.005037	0.004241	0.004245	7,207.20	2,464,035
Feb 27, 2019	0.004542	0.005194	0.004201	0.004849	16,479.58	2,814,449
Feb 26, 2019	0.003857	0.004691	0.003607	0.004541	5,521.33	2,631,227
Feb 25, 2019	0.003908	0.004300	0.003695	0.003862	2,863.20	2,237,585
Feb 24, 2019	0.004131	0.004555	0.003612	0.003916	2,223.52	2,269,160
Feb 23, 2019	0.004146	0.004421	0.003949	0.004129	10,878.63	2,392,134
Feb 22, 2019	0.004354	0.004638	0.003713	0.004153	3,115.46	2,406,289
Feb 21, 2019	0.005096	0.005096	0.004327	0.004354	1,290.18	2,522,630
Feb 20, 2019	0.004888	0.005100	0.004602	0.005100	3,392.01	2,954,772
Feb 19, 2019	0.005534	0.005642	0.004701	0.004893	6,731.23	2,834,888
Feb 18, 2019	0.004410	0.005741	0.004408	0.005529	19,338.44	3,203,583
Feb 17, 2019	0.004355	0.004429	0.003625	0.004415	104.70	2,536,319
Feb 16, 2019	0.004932	0.005037	0.004141	0.004356	2,734.23	2,502,697
Feb 15, 2019	0.004946	0.005123	0.004894	0.004926	1,523.79	2,830,117
Feb 14, 2019	0.005030	0.005066	0.004861	0.004945	2,453.94	2,841,357
Feb 13, 2019	0.005219	0.005243	0.004796	0.005036	2,738.40	2,893,349
Feb 12, 2019	0.004743	0.005250	0.004648	0.005220	11,682.72	0
Feb 11, 2019	0.004583	0.004796	0.004432	0.004746	2,315.36	0
Feb 10, 2019	0.004394	0.004724	0.004171	0.004581	359.70	0
Feb 09, 2019	0.003639	0.004399	0.003595	0.004393	4,911.42	0
Feb 08, 2019	0.003142	0.003798	0.003126	0.003641	5,327.75	0
Feb 07, 2019	0.002874	0.003165	0.002872	0.003140	2,474.72	0
Feb 06, 2019	0.002746	0.002889	0.002688	0.002876	3,215.86	0
Feb 05, 2019	0.002737	0.002743	0.002717	0.002738	2.46	0
Feb 04, 2019	0.002525	0.002758	0.002518	0.002741	791.73	0
Feb 03, 2019	0.002745	0.003846	0.002478	0.002518	1,359.34	0
Feb 02, 2019	0.002694	0.002745	0.002597	0.002739	1,467.66	0
Feb 01, 2019	0.002571	0.002714	0.002539	0.002697	1,794.92	0
Jan 31, 2019	0.002612	0.002646	0.002538	0.002568	131.22	0
Jan 30, 2019	0.002478	0.002616	0.002465	0.002612	420.50	0
Jan 29, 2019	0.002422	0.002527	0.002382	0.002481	1,250.19	0
Jan 28, 2019	0.002628	0.002662	0.002365	0.002420	1,515.96	0
Jan 27, 2019	0.002606	0.002655	0.002583	0.002628	145.66	0
Jan 26, 2019	0.002600	0.002643	0.002556	0.002605	104.08	0
Jan 25, 2019	0.002574	0.002604	0.002538	0.002601	114.96	0
Jan 24, 2019	0.002484	0.002620	0.002471	0.002569	217.69	0
Jan 23, 2019	0.002565	0.002600	0.002430	0.002484	1,217.38	0
Jan 22, 2019	0.002530	0.002570	0.002388	0.002565	1,353.28	0
Jan 21, 2019	0.002607	0.002612	0.002440	0.002531	1,374.69	0
Jan 20, 2019	0.002676	0.002703	0.002539	0.002605	4,670.06	0
Jan 19, 2019	0.002551	0.002705	0.002548	0.002678	11,841.62	0
Jan 18, 2019	0.002475	0.002555	0.002439	0.002543	14,824.08	0
Jan 17, 2019	0.002328	0.002485	0.002317	0.002476	12,912.18	0
Jan 16, 2019	0.002124	0.002334	0.002124	0.002329	12,308.10	0
Jan 15, 2019	0.002158	0.002229	0.002085	0.002127	10,267.86	0
Jan 14, 2019	0.001831	0.002161	0.001822	0.002158	8,630.72	0
Jan 13, 2019	0.001999	0.002077	0.001790	0.001830	8,912.84	0
Jan 12, 2019	0.001901	0.002011	0.001874	0.002000	9,288.03	0
Jan 11, 2019	0.001750	0.001900	0.001744	0.001900	10,121.78	0
Jan 10, 2019	0.002265	0.002282	0.001717	0.001753	11,876.96	0
Jan 09, 2019	0.002327	0.002418	0.002252	0.002264	7,950.76	0
Jan 08, 2019	0.003189	0.003260	0.002260	0.002323	7,563.21	0
Jan 07, 2019	0.002385	0.005711	0.002337	0.003213	15,026.15	0
Jan 06, 2019	0.002302	0.002387	0.002248	0.002383	9,942.85	0
Jan 05, 2019	0.002301	0.002413	0.002295	0.002303	2,215.98	0
Jan 04, 2019	0.002155	0.002311	0.002141	0.002306	4,520.54	0
Jan 03, 2019	0.002456	0.002460	0.002146	0.002151	3,667.80	0
Jan 02, 2019	0.002489	0.002531	0.002387	0.002457	8,427.21	0
Jan 01, 2019	0.002379	0.002485	0.002343	0.002476	6,125.97	0
Dec 31, 2018	0.002460	0.002543	0.002360	0.002377	8,500.11	0
Dec 30, 2018	0.002299	0.002462	0.002253	0.002457	12,264.80	0
Dec 29, 2018	0.002399	0.002500	0.002299	0.002320	9,220.26	0
Dec 28, 2018	0.002379	0.002410	0.001825	0.002385	8,263.42	0
Dec 27, 2018	0.002473	0.002537	0.001958	0.002353	9,559.31	0
Dec 26, 2018	0.002265	0.002475	0.002249	0.002475	5,797.50	0
